probe_id,seq,p_start,ln,N,GC,Tm,self_any_th,self_end_th,hairpin,quality,target_taxon,target_taxon_full,p_start_group,blast_on_target_full_rate,blast_on_target_rate,off_target_full_qcovhsp_fraction,off_target_max_bitscore,off_target_max_gc,off_target_max_mch,off_target_max_mch_qcovhsp,off_target_max_mch_sort,off_target_max_tm,off_target_min_evalue,on_target_full_match,taxon_abundance,taxon_coverage,p_end,selection_method,off_target_superkingdom,off_target_phylum,off_target_class,off_target_order,off_target_family,off_target_genus,off_target_species,off_target_no rank
2543,TCGGAACGTGCCTAGTAGTGG,55,21,0,57.14,55.735,7.51,0.0,55.68,5.265,285,285,0,1.0,1.0,0.0,14.4,5.0,7.0,33.0,7.0,26.557372604583293,8.6,1.0,1.0,1.0,75,AllSpecificPStartGroup,0,0,0,0,0,0,0,0
1546,AGCGGCTGATGGCAGATTAGGT,158,22,0,54.55,58.104,0.0,0.0,41.32,3.8960000000000004,285,285,1,1.0,1.0,0.0,14.4,4.0,7.0,32.0,7.0,12.243337512215703,9.3,1.0,1.0,1.0,179,AllSpecificPStartGroup,0,0,0,0,0,0,0,0
3512,CGGCTGATGGCAGATTAGGTAGT,160,23,0,52.17,56.176,0.0,0.0,41.32,6.824,285,285,2,1.0,1.0,0.0,16.4,4.0,8.0,35.0,8.0,13.319782812390258,2.5,1.0,1.0,1.0,182,AllSpecificPStartGroup,0,0,0,0,0,0,0,0
1922,CCTGGGGCTAATATCCCCGG,386,20,0,65.0,55.602,12.27,12.27,57.0,4.398,285,285,4,1.0,1.0,0.0,16.4,6.0,8.0,40.0,8.0,44.64900758907379,2.2,1.0,1.0,1.0,405,AllSpecificPStartGroup,0,0,0,0,0,0,0,0
106,CCCGGGTCATGACGGTACCG,401,20,0,70.0,58.943000000000005,28.39,28.39,44.95,1.057,285,285,5,1.0,1.0,0.0,22.3,6.0,11.0,55.0,11.0,43.77557345622273,0.035,1.0,1.0,1.0,420,AllSpecificPStartGroup,0,0,0,0,0,0,0,0
3015,AACTGCCATTGTGACTGCAAGG,559,22,0,50.0,56.028,0.0,0.0,35.7,5.972,285,285,6,1.0,1.0,0.0,14.4,4.0,7.0,32.0,7.0,19.49658999748317,9.3,1.0,1.0,1.0,580,AllSpecificPStartGroup,0,0,0,0,0,0,0,0
2651,ACTGCCATTGTGACTGCAAGG,560,21,0,52.38,55.568999999999996,0.0,0.0,35.7,5.431,285,285,7,1.0,1.0,0.0,14.4,4.0,7.0,33.0,7.0,19.49658999748317,8.6,1.0,1.0,1.0,580,AllSpecificPStartGroup,0,0,0,0,0,0,0,0
2077,CCTGGGCCTGCACTGACG,668,18,0,72.22,57.361000000000004,2.44,0.0,0.0,4.638999999999999,285,285,8,1.0,1.0,0.0,16.4,6.0,8.0,44.0,8.0,26.457510506631934,1.8,1.0,1.0,1.0,685,AllSpecificPStartGroup,0,0,0,0,0,0,0,0
3147,ACGCGTGAAGTTGACCGC,794,18,0,61.11,55.8,9.13,0.0,40.95,6.2,285,285,9,1.0,1.0,0.0,18.3,5.0,9.0,50.0,9.0,36.010307930572765,0.46,1.0,1.0,1.0,811,AllSpecificPStartGroup,0,0,0,0,0,0,0,0
3026,TCGAAAGAGAACCTGCACACAGG,957,23,0,52.17,57.013000000000005,6.93,6.93,48.27,5.987,285,285,11,1.0,1.0,0.0,16.4,4.0,8.0,35.0,8.0,17.778609977500253,2.5,1.0,1.0,1.0,979,AllSpecificPStartGroup,0,0,0,0,0,0,0,0
3537,AAAGAGAACCTGCACACAGGTG,960,22,0,50.0,55.11600000000001,13.41,0.0,63.23,6.8839999999999995,285,285,12,1.0,1.0,0.0,18.3,5.0,9.0,41.0,9.0,33.561193968783584,0.6,1.0,1.0,1.0,981,AllSpecificPStartGroup,0,0,0,0,0,0,0,0
2949,TGAGCACTCTAATGGGACTGCC,1070,22,0,54.55,56.111999999999995,0.0,0.0,0.0,5.888,285,285,13,1.0,1.0,0.0,16.4,5.0,8.0,36.0,8.0,27.024062415196568,2.4,1.0,1.0,1.0,1091,AllSpecificPStartGroup,0,0,0,0,0,0,0,0
2183,GGCCCTTATAGGTGGGGCTACA,1135,22,0,59.09,57.211999999999996,16.48,0.0,53.46,4.788,285,285,14,1.0,1.0,0.0,18.3,6.0,9.0,41.0,9.0,35.18970537002758,0.6,1.0,1.0,1.0,1156,AllSpecificPStartGroup,0,0,0,0,0,0,0,0
3733,TCCCATAAAGCCAGTCGTAGTCC,1210,23,0,52.17,55.793,0.0,0.0,0.0,7.207000000000001,285,285,15,1.0,1.0,0.0,20.3,6.0,10.0,43.0,10.0,38.30095124327892,0.16,1.0,1.0,1.0,1232,AllSpecificPStartGroup,0,0,0,0,0,0,0,0
